filename,class_id
0000.jpg,0
0001.jpg,0
0002.jpg,0
0003.jpg,0
0004.jpg,0
0005.jpg,0
0006.jpg,0
0007.jpg,0
0008.jpg,0
0009.jpg,0
0010.jpg,0
0011.jpg,0
0012.jpg,0
0013.jpg,0
0014.jpg,0
0015.jpg,0
0016.jpg,0
0017.jpg,0
0018.jpg,0
0019.jpg,0
0020.jpg,0
0021.jpg,0
0022.jpg,0
0023.jpg,0
0024.jpg,0
0025.jpg,0
0026.jpg,0
0027.jpg,0
0028.jpg,0
0029.jpg,0
0030.jpg,0
0031.jpg,0
0032.jpg,0
0033.jpg,0
0034.jpg,0
0035.jpg,0
0036.jpg,0
0037.jpg,0
0038.jpg,0
0039.jpg,0
0040.jpg,0
0041.jpg,0
0042.jpg,0
0043.jpg,0
0044.jpg,0
0045.jpg,0
0046.jpg,0
0047.jpg,0
0048.jpg,0
0049.jpg,0
0050.jpg,1
0051.jpg,1
0052.jpg,1
0053.jpg,1
0054.jpg,1
0055.jpg,1
0056.jpg,1
0057.jpg,1
0058.jpg,1
0059.jpg,1
0060.jpg,1
0061.jpg,1
0062.jpg,1
0063.jpg,1
0064.jpg,1
0065.jpg,1
0066.jpg,1
0067.jpg,1
0068.jpg,1
0069.jpg,1
0070.jpg,1
0071.jpg,1
0072.jpg,1
0073.jpg,1
0074.jpg,1
0075.jpg,1
0076.jpg,1
0077.jpg,1
0078.jpg,1
0079.jpg,1
0080.jpg,1
0081.jpg,1
0082.jpg,1
0083.jpg,1
0084.jpg,1
0085.jpg,1
0086.jpg,1
0087.jpg,1
0088.jpg,1
0089.jpg,1
0090.jpg,1
0091.jpg,1
0092.jpg,1
0093.jpg,1
0094.jpg,1
0095.jpg,1
0096.jpg,1
0097.jpg,1
0098.jpg,1
0099.jpg,1
0100.jpg,2
0101.jpg,2
0102.jpg,2
0103.jpg,2
0104.jpg,2
0105.jpg,2
0106.jpg,2
0107.jpg,2
0108.jpg,2
0109.jpg,2
0110.jpg,2
0111.jpg,2
0112.jpg,2
0113.jpg,2
0114.jpg,2
0115.jpg,2
0116.jpg,2
0117.jpg,2
0118.jpg,2
0119.jpg,2
0120.jpg,2
0121.jpg,2
0122.jpg,2
0123.jpg,2
0124.jpg,2
0125.jpg,2
0126.jpg,2
0127.jpg,2
0128.jpg,2
0129.jpg,2
0130.jpg,2
0131.jpg,2
0132.jpg,2
0133.jpg,2
0134.jpg,2
0135.jpg,2
0136.jpg,2
0137.jpg,2
0138.jpg,2
0139.jpg,2
0140.jpg,2
0141.jpg,2
0142.jpg,2
0143.jpg,2
0144.jpg,2
0145.jpg,2
0146.jpg,2
0147.jpg,2
0148.jpg,2
0149.jpg,2
0150.jpg,3
0151.jpg,3
0152.jpg,3
0153.jpg,3
0154.jpg,3
0155.jpg,3
0156.jpg,3
0157.jpg,3
0158.jpg,3
0159.jpg,3
0160.jpg,3
0161.jpg,3
0162.jpg,3
0163.jpg,3
0164.jpg,3
0165.jpg,3
0166.jpg,3
0167.jpg,3
0168.jpg,3
0169.jpg,3
0170.jpg,3
0171.jpg,3
0172.jpg,3
0173.jpg,3
0174.jpg,3
0175.jpg,3
0176.jpg,3
0177.jpg,3
0178.jpg,3
0179.jpg,3
0180.jpg,3
0181.jpg,3
0182.jpg,3
0183.jpg,3
0184.jpg,3
0185.jpg,3
0186.jpg,3
0187.jpg,3
0188.jpg,3
0189.jpg,3
0190.jpg,3
0191.jpg,3
0192.jpg,3
0193.jpg,3
0194.jpg,3
0195.jpg,3
0196.jpg,3
0197.jpg,3
0198.jpg,3
0199.jpg,3
0200.jpg,4
0201.jpg,4
0202.jpg,4
0203.jpg,4
0204.jpg,4
0205.jpg,4
0206.jpg,4
0207.jpg,4
0208.jpg,4
0209.jpg,4
0210.jpg,4
0211.jpg,4
0212.jpg,4
0213.jpg,4
0214.jpg,4
0215.jpg,4
0216.jpg,4
0217.jpg,4
0218.jpg,4
0219.jpg,4
0220.jpg,4
0221.jpg,4
0222.jpg,4
0223.jpg,4
0224.jpg,4
0225.jpg,4
0226.jpg,4
0227.jpg,4
0228.jpg,4
0229.jpg,4
0230.jpg,4
0231.jpg,4
0232.jpg,4
0233.jpg,4
0234.jpg,4
0235.jpg,4
0236.jpg,4
0237.jpg,4
0238.jpg,4
0239.jpg,4
0240.jpg,4
0241.jpg,4
0242.jpg,4
0243.jpg,4
0244.jpg,4
0245.jpg,4
0246.jpg,4
0247.jpg,4
0248.jpg,4
0249.jpg,4
0250.jpg,5
0251.jpg,5
0252.jpg,5
0253.jpg,5
0254.jpg,5
0255.jpg,5
0256.jpg,5
0257.jpg,5
0258.jpg,5
0259.jpg,5
0260.jpg,5
0261.jpg,5
0262.jpg,5
0263.jpg,5
0264.jpg,5
0265.jpg,5
0266.jpg,5
0267.jpg,5
0268.jpg,5
0269.jpg,5
0270.jpg,5
0271.jpg,5
0272.jpg,5
0273.jpg,5
0274.jpg,5
0275.jpg,5
0276.jpg,5
0277.jpg,5
0278.jpg,5
0279.jpg,5
0280.jpg,5
0281.jpg,5
0282.jpg,5
0283.jpg,5
0284.jpg,5
0285.jpg,5
0286.jpg,5
0287.jpg,5
0288.jpg,5
0289.jpg,5
0290.jpg,5
0291.jpg,5
0292.jpg,5
0293.jpg,5
0294.jpg,5
0295.jpg,5
0296.jpg,5
0297.jpg,5
0298.jpg,5
0299.jpg,5
0300.jpg,6
0301.jpg,6
0302.jpg,6
0303.jpg,6
0304.jpg,6
0305.jpg,6
0306.jpg,6
0307.jpg,6
0308.jpg,6
0309.jpg,6
0310.jpg,6
0311.jpg,6
0312.jpg,6
0313.jpg,6
0314.jpg,6
0315.jpg,6
0316.jpg,6
0317.jpg,6
0318.jpg,6
0319.jpg,6
0320.jpg,6
0321.jpg,6
0322.jpg,6
0323.jpg,6
0324.jpg,6
0325.jpg,6
0326.jpg,6
0327.jpg,6
0328.jpg,6
0329.jpg,6
0330.jpg,6
0331.jpg,6
0332.jpg,6
0333.jpg,6
0334.jpg,6
0335.jpg,6
0336.jpg,6
0337.jpg,6
0338.jpg,6
0339.jpg,6
0340.jpg,6
0341.jpg,6
0342.jpg,6
0343.jpg,6
0344.jpg,6
0345.jpg,6
0346.jpg,6
0347.jpg,6
0348.jpg,6
0349.jpg,6
0350.jpg,7
0351.jpg,7
0352.jpg,7
0353.jpg,7
0354.jpg,7
0355.jpg,7
0356.jpg,7
0357.jpg,7
0358.jpg,7
0359.jpg,7
0360.jpg,7
0361.jpg,7
0362.jpg,7
0363.jpg,7
0364.jpg,7
0365.jpg,7
0366.jpg,7
0367.jpg,7
0368.jpg,7
0369.jpg,7
0370.jpg,7
0371.jpg,7
0372.jpg,7
0373.jpg,7
0374.jpg,7
0375.jpg,7
0376.jpg,7
0377.jpg,7
0378.jpg,7
0379.jpg,7
0380.jpg,7
0381.jpg,7
0382.jpg,7
0383.jpg,7
0384.jpg,7
0385.jpg,7
0386.jpg,7
0387.jpg,7
0388.jpg,7
0389.jpg,7
0390.jpg,7
0391.jpg,7
0392.jpg,7
0393.jpg,7
0394.jpg,7
0395.jpg,7
0396.jpg,7
0397.jpg,7
0398.jpg,7
0399.jpg,7
0400.jpg,8
0401.jpg,8
0402.jpg,8
0403.jpg,8
0404.jpg,8
0405.jpg,8
0406.jpg,8
0407.jpg,8
0408.jpg,8
0409.jpg,8
0410.jpg,8
0411.jpg,8
0412.jpg,8
0413.jpg,8
0414.jpg,8
0415.jpg,8
0416.jpg,8
0417.jpg,8
0418.jpg,8
0419.jpg,8
0420.jpg,8
0421.jpg,8
0422.jpg,8
0423.jpg,8
0424.jpg,8
0425.jpg,8
0426.jpg,8
0427.jpg,8
0428.jpg,8
0429.jpg,8
0430.jpg,8
0431.jpg,8
0432.jpg,8
0433.jpg,8
0434.jpg,8
0435.jpg,8
0436.jpg,8
0437.jpg,8
0438.jpg,8
0439.jpg,8
0440.jpg,8
0441.jpg,8
0442.jpg,8
0443.jpg,8
0444.jpg,8
0445.jpg,8
0446.jpg,8
0447.jpg,8
0448.jpg,8
0449.jpg,8
0450.jpg,9
0451.jpg,9
0452.jpg,9
0453.jpg,9
0454.jpg,9
0455.jpg,9
0456.jpg,9
0457.jpg,9
0458.jpg,9
0459.jpg,9
0460.jpg,9
0461.jpg,9
0462.jpg,9
0463.jpg,9
0464.jpg,9
0465.jpg,9
0466.jpg,9
0467.jpg,9
0468.jpg,9
0469.jpg,9
0470.jpg,9
0471.jpg,9
0472.jpg,9
0473.jpg,9
0474.jpg,9
0475.jpg,9
0476.jpg,9
0477.jpg,9
0478.jpg,9
0479.jpg,9
0480.jpg,9
0481.jpg,9
0482.jpg,9
0483.jpg,9
0484.jpg,9
0485.jpg,9
0486.jpg,9
0487.jpg,9
0488.jpg,9
0489.jpg,9
0490.jpg,9
0491.jpg,9
0492.jpg,9
0493.jpg,9
0494.jpg,9
0495.jpg,9
0496.jpg,9
0497.jpg,9
0498.jpg,9
0499.jpg,9
0500.jpg,10
0501.jpg,10
0502.jpg,10
0503.jpg,10
0504.jpg,10
0505.jpg,10
0506.jpg,10
0507.jpg,10
0508.jpg,10
0509.jpg,10
0510.jpg,10
0511.jpg,10
0512.jpg,10
0513.jpg,10
0514.jpg,10
0515.jpg,10
0516.jpg,10
0517.jpg,10
0518.jpg,10
0519.jpg,10
0520.jpg,10
0521.jpg,10
0522.jpg,10
0523.jpg,10
0524.jpg,10
0525.jpg,10
0526.jpg,10
0527.jpg,10
0528.jpg,10
0529.jpg,10
0530.jpg,10
0531.jpg,10
0532.jpg,10
0533.jpg,10
0534.jpg,10
0535.jpg,10
0536.jpg,10
0537.jpg,10
0538.jpg,10
0539.jpg,10
0540.jpg,10
0541.jpg,10
0542.jpg,10
0543.jpg,10
0544.jpg,10
0545.jpg,10
0546.jpg,10
0547.jpg,10
0548.jpg,10
0549.jpg,10
0550.jpg,11
0551.jpg,11
0552.jpg,11
0553.jpg,11
0554.jpg,11
0555.jpg,11
0556.jpg,11
0557.jpg,11
0558.jpg,11
0559.jpg,11
0560.jpg,11
0561.jpg,11
0562.jpg,11
0563.jpg,11
0564.jpg,11
0565.jpg,11
0566.jpg,11
0567.jpg,11
0568.jpg,11
0569.jpg,11
0570.jpg,11
0571.jpg,11
0572.jpg,11
0573.jpg,11
0574.jpg,11
0575.jpg,11
0576.jpg,11
0577.jpg,11
0578.jpg,11
0579.jpg,11
0580.jpg,11
0581.jpg,11
0582.jpg,11
0583.jpg,11
0584.jpg,11
0585.jpg,11
0586.jpg,11
0587.jpg,11
0588.jpg,11
0589.jpg,11
0590.jpg,11
0591.jpg,11
0592.jpg,11
0593.jpg,11
0594.jpg,11
0595.jpg,11
0596.jpg,11
0597.jpg,11
0598.jpg,11
0599.jpg,11
0600.jpg,12
0601.jpg,12
0602.jpg,12
0603.jpg,12
0604.jpg,12
0605.jpg,12
0606.jpg,12
0607.jpg,12
0608.jpg,12
0609.jpg,12
0610.jpg,12
0611.jpg,12
0612.jpg,12
0613.jpg,12
0614.jpg,12
0615.jpg,12
0616.jpg,12
0617.jpg,12
0618.jpg,12
0619.jpg,12
0620.jpg,12
0621.jpg,12
0622.jpg,12
0623.jpg,12
0624.jpg,12
0625.jpg,12
0626.jpg,12
0627.jpg,12
0628.jpg,12
0629.jpg,12
0630.jpg,12
0631.jpg,12
0632.jpg,12
0633.jpg,12
0634.jpg,12
0635.jpg,12
0636.jpg,12
0637.jpg,12
0638.jpg,12
0639.jpg,12
0640.jpg,12
0641.jpg,12
0642.jpg,12
0643.jpg,12
0644.jpg,12
0645.jpg,12
0646.jpg,12
0647.jpg,12
0648.jpg,12
0649.jpg,12
0650.jpg,13
0651.jpg,13
0652.jpg,13
0653.jpg,13
0654.jpg,13
0655.jpg,13
0656.jpg,13
0657.jpg,13
0658.jpg,13
0659.jpg,13
0660.jpg,13
0661.jpg,13
0662.jpg,13
0663.jpg,13
0664.jpg,13
0665.jpg,13
0666.jpg,13
0667.jpg,13
0668.jpg,13
0669.jpg,13
0670.jpg,13
0671.jpg,13
0672.jpg,13
0673.jpg,13
0674.jpg,13
0675.jpg,13
0676.jpg,13
0677.jpg,13
0678.jpg,13
0679.jpg,13
0680.jpg,13
0681.jpg,13
0682.jpg,13
0683.jpg,13
0684.jpg,13
0685.jpg,13
0686.jpg,13
0687.jpg,13
0688.jpg,13
0689.jpg,13
0690.jpg,13
0691.jpg,13
0692.jpg,13
0693.jpg,13
0694.jpg,13
0695.jpg,13
0696.jpg,13
0697.jpg,13
0698.jpg,13
0699.jpg,13
0700.jpg,14
0701.jpg,14
0702.jpg,14
0703.jpg,14
0704.jpg,14
0705.jpg,14
0706.jpg,14
0707.jpg,14
0708.jpg,14
0709.jpg,14
0710.jpg,14
0711.jpg,14
0712.jpg,14
0713.jpg,14
0714.jpg,14
0715.jpg,14
0716.jpg,14
0717.jpg,14
0718.jpg,14
0719.jpg,14
0720.jpg,14
0721.jpg,14
0722.jpg,14
0723.jpg,14
0724.jpg,14
0725.jpg,14
0726.jpg,14
0727.jpg,14
0728.jpg,14
0729.jpg,14
0730.jpg,14
0731.jpg,14
0732.jpg,14
0733.jpg,14
0734.jpg,14
0735.jpg,14
0736.jpg,14
0737.jpg,14
0738.jpg,14
0739.jpg,14
0740.jpg,14
0741.jpg,14
0742.jpg,14
0743.jpg,14
0744.jpg,14
0745.jpg,14
0746.jpg,14
0747.jpg,14
0748.jpg,14
0749.jpg,14
0750.jpg,15
0751.jpg,15
0752.jpg,15
0753.jpg,15
0754.jpg,15
0755.jpg,15
0756.jpg,15
0757.jpg,15
0758.jpg,15
0759.jpg,15
0760.jpg,15
0761.jpg,15
0762.jpg,15
0763.jpg,15
0764.jpg,15
0765.jpg,15
0766.jpg,15
0767.jpg,15
0768.jpg,15
0769.jpg,15
0770.jpg,15
0771.jpg,15
0772.jpg,15
0773.jpg,15
0774.jpg,15
0775.jpg,15
0776.jpg,15
0777.jpg,15
0778.jpg,15
0779.jpg,15
0780.jpg,15
0781.jpg,15
0782.jpg,15
0783.jpg,15
0784.jpg,15
0785.jpg,15
0786.jpg,15
0787.jpg,15
0788.jpg,15
0789.jpg,15
0790.jpg,15
0791.jpg,15
0792.jpg,15
0793.jpg,15
0794.jpg,15
0795.jpg,15
0796.jpg,15
0797.jpg,15
0798.jpg,15
0799.jpg,15
0800.jpg,16
0801.jpg,16
0802.jpg,16
0803.jpg,16
0804.jpg,16
0805.jpg,16
0806.jpg,16
0807.jpg,16
0808.jpg,16
0809.jpg,16
0810.jpg,16
0811.jpg,16
0812.jpg,16
0813.jpg,16
0814.jpg,16
0815.jpg,16
0816.jpg,16
0817.jpg,16
0818.jpg,16
0819.jpg,16
0820.jpg,16
0821.jpg,16
0822.jpg,16
0823.jpg,16
0824.jpg,16
0825.jpg,16
0826.jpg,16
0827.jpg,16
0828.jpg,16
0829.jpg,16
0830.jpg,16
0831.jpg,16
0832.jpg,16
0833.jpg,16
0834.jpg,16
0835.jpg,16
0836.jpg,16
0837.jpg,16
0838.jpg,16
0839.jpg,16
0840.jpg,16
0841.jpg,16
0842.jpg,16
0843.jpg,16
0844.jpg,16
0845.jpg,16
0846.jpg,16
0847.jpg,16
0848.jpg,16
0849.jpg,16
0850.jpg,17
0851.jpg,17
0852.jpg,17
0853.jpg,17
0854.jpg,17
0855.jpg,17
0856.jpg,17
0857.jpg,17
0858.jpg,17
0859.jpg,17
0860.jpg,17
0861.jpg,17
0862.jpg,17
0863.jpg,17
0864.jpg,17
0865.jpg,17
0866.jpg,17
0867.jpg,17
0868.jpg,17
0869.jpg,17
0870.jpg,17
0871.jpg,17
0872.jpg,17
0873.jpg,17
0874.jpg,17
0875.jpg,17
0876.jpg,17
0877.jpg,17
0878.jpg,17
0879.jpg,17
0880.jpg,17
0881.jpg,17
0882.jpg,17
0883.jpg,17
0884.jpg,17
0885.jpg,17
0886.jpg,17
0887.jpg,17
0888.jpg,17
0889.jpg,17
0890.jpg,17
0891.jpg,17
0892.jpg,17
0893.jpg,17
0894.jpg,17
0895.jpg,17
0896.jpg,17
0897.jpg,17
0898.jpg,17
0899.jpg,17
0900.jpg,18
0901.jpg,18
0902.jpg,18
0903.jpg,18
0904.jpg,18
0905.jpg,18
0906.jpg,18
0907.jpg,18
0908.jpg,18
0909.jpg,18
0910.jpg,18
0911.jpg,18
0912.jpg,18
0913.jpg,18
0914.jpg,18
0915.jpg,18
0916.jpg,18
0917.jpg,18
0918.jpg,18
0919.jpg,18
0920.jpg,18
0921.jpg,18
0922.jpg,18
0923.jpg,18
0924.jpg,18
0925.jpg,18
0926.jpg,18
0927.jpg,18
0928.jpg,18
0929.jpg,18
0930.jpg,18
0931.jpg,18
0932.jpg,18
0933.jpg,18
0934.jpg,18
0935.jpg,18
0936.jpg,18
0937.jpg,18
0938.jpg,18
0939.jpg,18
0940.jpg,18
0941.jpg,18
0942.jpg,18
0943.jpg,18
0944.jpg,18
0945.jpg,18
0946.jpg,18
0947.jpg,18
0948.jpg,18
0949.jpg,18
0950.jpg,19
0951.jpg,19
0952.jpg,19
0953.jpg,19
0954.jpg,19
0955.jpg,19
0956.jpg,19
0957.jpg,19
0958.jpg,19
0959.jpg,19
0960.jpg,19
0961.jpg,19
0962.jpg,19
0963.jpg,19
0964.jpg,19
0965.jpg,19
0966.jpg,19
0967.jpg,19
0968.jpg,19
0969.jpg,19
0970.jpg,19
0971.jpg,19
0972.jpg,19
0973.jpg,19
0974.jpg,19
0975.jpg,19
0976.jpg,19
0977.jpg,19
0978.jpg,19
0979.jpg,19
0980.jpg,19
0981.jpg,19
0982.jpg,19
0983.jpg,19
0984.jpg,19
0985.jpg,19
0986.jpg,19
0987.jpg,19
0988.jpg,19
0989.jpg,19
0990.jpg,19
0991.jpg,19
0992.jpg,19
0993.jpg,19
0994.jpg,19
0995.jpg,19
0996.jpg,19
0997.jpg,19
0998.jpg,19
0999.jpg,19
1000.jpg,20
1001.jpg,20
1002.jpg,20
1003.jpg,20
1004.jpg,20
1005.jpg,20
1006.jpg,20
1007.jpg,20
1008.jpg,20
1009.jpg,20
1010.jpg,20
1011.jpg,20
1012.jpg,20
1013.jpg,20
1014.jpg,20
1015.jpg,20
1016.jpg,20
1017.jpg,20
1018.jpg,20
1019.jpg,20
1020.jpg,20
1021.jpg,20
1022.jpg,20
1023.jpg,20
1024.jpg,20
1025.jpg,20
1026.jpg,20
1027.jpg,20
1028.jpg,20
1029.jpg,20
1030.jpg,20
1031.jpg,20
1032.jpg,20
1033.jpg,20
1034.jpg,20
1035.jpg,20
1036.jpg,20
1037.jpg,20
1038.jpg,20
1039.jpg,20
1040.jpg,20
1041.jpg,20
1042.jpg,20
1043.jpg,20
1044.jpg,20
1045.jpg,20
1046.jpg,20
1047.jpg,20
1048.jpg,20
1049.jpg,20
1050.jpg,21
1051.jpg,21
1052.jpg,21
1053.jpg,21
1054.jpg,21
1055.jpg,21
1056.jpg,21
1057.jpg,21
1058.jpg,21
1059.jpg,21
1060.jpg,21
1061.jpg,21
1062.jpg,21
1063.jpg,21
1064.jpg,21
1065.jpg,21
1066.jpg,21
1067.jpg,21
1068.jpg,21
1069.jpg,21
1070.jpg,21
1071.jpg,21
1072.jpg,21
1073.jpg,21
1074.jpg,21
1075.jpg,21
1076.jpg,21
1077.jpg,21
1078.jpg,21
1079.jpg,21
1080.jpg,21
1081.jpg,21
1082.jpg,21
1083.jpg,21
1084.jpg,21
1085.jpg,21
1086.jpg,21
1087.jpg,21
1088.jpg,21
1089.jpg,21
1090.jpg,21
1091.jpg,21
1092.jpg,21
1093.jpg,21
1094.jpg,21
1095.jpg,21
1096.jpg,21
1097.jpg,21
1098.jpg,21
1099.jpg,21
1100.jpg,22
1101.jpg,22
1102.jpg,22
1103.jpg,22
1104.jpg,22
1105.jpg,22
1106.jpg,22
1107.jpg,22
1108.jpg,22
1109.jpg,22
1110.jpg,22
1111.jpg,22
1112.jpg,22
1113.jpg,22
1114.jpg,22
1115.jpg,22
1116.jpg,22
1117.jpg,22
1118.jpg,22
1119.jpg,22
1120.jpg,22
1121.jpg,22
1122.jpg,22
1123.jpg,22
1124.jpg,22
1125.jpg,22
1126.jpg,22
1127.jpg,22
1128.jpg,22
1129.jpg,22
1130.jpg,22
1131.jpg,22
1132.jpg,22
1133.jpg,22
1134.jpg,22
1135.jpg,22
1136.jpg,22
1137.jpg,22
1138.jpg,22
1139.jpg,22
1140.jpg,22
1141.jpg,22
1142.jpg,22
1143.jpg,22
1144.jpg,22
1145.jpg,22
1146.jpg,22
1147.jpg,22
1148.jpg,22
1149.jpg,22
1150.jpg,23
1151.jpg,23
1152.jpg,23
1153.jpg,23
1154.jpg,23
1155.jpg,23
1156.jpg,23
1157.jpg,23
1158.jpg,23
1159.jpg,23
1160.jpg,23
1161.jpg,23
1162.jpg,23
1163.jpg,23
1164.jpg,23
1165.jpg,23
1166.jpg,23
1167.jpg,23
1168.jpg,23
1169.jpg,23
1170.jpg,23
1171.jpg,23
1172.jpg,23
1173.jpg,23
1174.jpg,23
1175.jpg,23
1176.jpg,23
1177.jpg,23
1178.jpg,23
1179.jpg,23
1180.jpg,23
1181.jpg,23
1182.jpg,23
1183.jpg,23
1184.jpg,23
1185.jpg,23
1186.jpg,23
1187.jpg,23
1188.jpg,23
1189.jpg,23
1190.jpg,23
1191.jpg,23
1192.jpg,23
1193.jpg,23
1194.jpg,23
1195.jpg,23
1196.jpg,23
1197.jpg,23
1198.jpg,23
1199.jpg,23
1200.jpg,24
1201.jpg,24
1202.jpg,24
1203.jpg,24
1204.jpg,24
1205.jpg,24
1206.jpg,24
1207.jpg,24
1208.jpg,24
1209.jpg,24
1210.jpg,24
1211.jpg,24
1212.jpg,24
1213.jpg,24
1214.jpg,24
1215.jpg,24
1216.jpg,24
1217.jpg,24
1218.jpg,24
1219.jpg,24
1220.jpg,24
1221.jpg,24
1222.jpg,24
1223.jpg,24
1224.jpg,24
1225.jpg,24
1226.jpg,24
1227.jpg,24
1228.jpg,24
1229.jpg,24
1230.jpg,24
1231.jpg,24
1232.jpg,24
1233.jpg,24
1234.jpg,24
1235.jpg,24
1236.jpg,24
1237.jpg,24
1238.jpg,24
1239.jpg,24
1240.jpg,24
1241.jpg,24
1242.jpg,24
1243.jpg,24
1244.jpg,24
1245.jpg,24
1246.jpg,24
1247.jpg,24
1248.jpg,24
1249.jpg,24
1250.jpg,25
1251.jpg,25
1252.jpg,25
1253.jpg,25
1254.jpg,25
1255.jpg,25
1256.jpg,25
1257.jpg,25
1258.jpg,25
1259.jpg,25
1260.jpg,25
1261.jpg,25
1262.jpg,25
1263.jpg,25
1264.jpg,25
1265.jpg,25
1266.jpg,25
1267.jpg,25
1268.jpg,25
1269.jpg,25
1270.jpg,25
1271.jpg,25
1272.jpg,25
1273.jpg,25
1274.jpg,25
1275.jpg,25
1276.jpg,25
1277.jpg,25
1278.jpg,25
1279.jpg,25
1280.jpg,25
1281.jpg,25
1282.jpg,25
1283.jpg,25
1284.jpg,25
1285.jpg,25
1286.jpg,25
1287.jpg,25
1288.jpg,25
1289.jpg,25
1290.jpg,25
1291.jpg,25
1292.jpg,25
1293.jpg,25
1294.jpg,25
1295.jpg,25
1296.jpg,25
1297.jpg,25
1298.jpg,25
1299.jpg,25
1300.jpg,26
1301.jpg,26
1302.jpg,26
1303.jpg,26
1304.jpg,26
1305.jpg,26
1306.jpg,26
1307.jpg,26
1308.jpg,26
1309.jpg,26
1310.jpg,26
1311.jpg,26
1312.jpg,26
1313.jpg,26
1314.jpg,26
1315.jpg,26
1316.jpg,26
1317.jpg,26
1318.jpg,26
1319.jpg,26
1320.jpg,26
1321.jpg,26
1322.jpg,26
1323.jpg,26
1324.jpg,26
1325.jpg,26
1326.jpg,26
1327.jpg,26
1328.jpg,26
1329.jpg,26
1330.jpg,26
1331.jpg,26
1332.jpg,26
1333.jpg,26
1334.jpg,26
1335.jpg,26
1336.jpg,26
1337.jpg,26
1338.jpg,26
1339.jpg,26
1340.jpg,26
1341.jpg,26
1342.jpg,26
1343.jpg,26
1344.jpg,26
1345.jpg,26
1346.jpg,26
1347.jpg,26
1348.jpg,26
1349.jpg,26
1350.jpg,27
1351.jpg,27
1352.jpg,27
1353.jpg,27
1354.jpg,27
1355.jpg,27
1356.jpg,27
1357.jpg,27
1358.jpg,27
1359.jpg,27
1360.jpg,27
1361.jpg,27
1362.jpg,27
1363.jpg,27
1364.jpg,27
1365.jpg,27
1366.jpg,27
1367.jpg,27
1368.jpg,27
1369.jpg,27
1370.jpg,27
1371.jpg,27
1372.jpg,27
1373.jpg,27
1374.jpg,27
1375.jpg,27
1376.jpg,27
1377.jpg,27
1378.jpg,27
1379.jpg,27
1380.jpg,27
1381.jpg,27
1382.jpg,27
1383.jpg,27
1384.jpg,27
1385.jpg,27
1386.jpg,27
1387.jpg,27
1388.jpg,27
1389.jpg,27
1390.jpg,27
1391.jpg,27
1392.jpg,27
1393.jpg,27
1394.jpg,27
1395.jpg,27
1396.jpg,27
1397.jpg,27
1398.jpg,27
1399.jpg,27
1400.jpg,28
1401.jpg,28
1402.jpg,28
1403.jpg,28
1404.jpg,28
1405.jpg,28
1406.jpg,28
1407.jpg,28
1408.jpg,28
1409.jpg,28
1410.jpg,28
1411.jpg,28
1412.jpg,28
1413.jpg,28
1414.jpg,28
1415.jpg,28
1416.jpg,28
1417.jpg,28
1418.jpg,28
1419.jpg,28
1420.jpg,28
1421.jpg,28
1422.jpg,28
1423.jpg,28
1424.jpg,28
1425.jpg,28
1426.jpg,28
1427.jpg,28
1428.jpg,28
1429.jpg,28
1430.jpg,28
1431.jpg,28
1432.jpg,28
1433.jpg,28
1434.jpg,28
1435.jpg,28
1436.jpg,28
1437.jpg,28
1438.jpg,28
1439.jpg,28
1440.jpg,28
1441.jpg,28
1442.jpg,28
1443.jpg,28
1444.jpg,28
1445.jpg,28
1446.jpg,28
1447.jpg,28
1448.jpg,28
1449.jpg,28
1450.jpg,29
1451.jpg,29
1452.jpg,29
1453.jpg,29
1454.jpg,29
1455.jpg,29
1456.jpg,29
1457.jpg,29
1458.jpg,29
1459.jpg,29
1460.jpg,29
1461.jpg,29
1462.jpg,29
1463.jpg,29
1464.jpg,29
1465.jpg,29
1466.jpg,29
1467.jpg,29
1468.jpg,29
1469.jpg,29
1470.jpg,29
1471.jpg,29
1472.jpg,29
1473.jpg,29
1474.jpg,29
1475.jpg,29
1476.jpg,29
1477.jpg,29
1478.jpg,29
1479.jpg,29
1480.jpg,29
1481.jpg,29
1482.jpg,29
1483.jpg,29
1484.jpg,29
1485.jpg,29
1486.jpg,29
1487.jpg,29
1488.jpg,29
1489.jpg,29
1490.jpg,29
1491.jpg,29
1492.jpg,29
1493.jpg,29
1494.jpg,29
1495.jpg,29
1496.jpg,29
1497.jpg,29
1498.jpg,29
1499.jpg,29
1500.jpg,30
1501.jpg,30
1502.jpg,30
1503.jpg,30
1504.jpg,30
1505.jpg,30
1506.jpg,30
1507.jpg,30
1508.jpg,30
1509.jpg,30
1510.jpg,30
1511.jpg,30
1512.jpg,30
1513.jpg,30
1514.jpg,30
1515.jpg,30
1516.jpg,30
1517.jpg,30
1518.jpg,30
1519.jpg,30
1520.jpg,30
1521.jpg,30
1522.jpg,30
1523.jpg,30
1524.jpg,30
1525.jpg,30
1526.jpg,30
1527.jpg,30
1528.jpg,30
1529.jpg,30
1530.jpg,30
1531.jpg,30
1532.jpg,30
1533.jpg,30
1534.jpg,30
1535.jpg,30
1536.jpg,30
1537.jpg,30
1538.jpg,30
1539.jpg,30
1540.jpg,30
1541.jpg,30
1542.jpg,30
1543.jpg,30
1544.jpg,30
1545.jpg,30
1546.jpg,30
1547.jpg,30
1548.jpg,30
1549.jpg,30
1550.jpg,31
1551.jpg,31
1552.jpg,31
1553.jpg,31
1554.jpg,31
1555.jpg,31
1556.jpg,31
1557.jpg,31
1558.jpg,31
1559.jpg,31
1560.jpg,31
1561.jpg,31
1562.jpg,31
1563.jpg,31
1564.jpg,31
1565.jpg,31
1566.jpg,31
1567.jpg,31
1568.jpg,31
1569.jpg,31
1570.jpg,31
1571.jpg,31
1572.jpg,31
1573.jpg,31
1574.jpg,31
1575.jpg,31
1576.jpg,31
1577.jpg,31
1578.jpg,31
1579.jpg,31
1580.jpg,31
1581.jpg,31
1582.jpg,31
1583.jpg,31
1584.jpg,31
1585.jpg,31
1586.jpg,31
1587.jpg,31
1588.jpg,31
1589.jpg,31
1590.jpg,31
1591.jpg,31
1592.jpg,31
1593.jpg,31
1594.jpg,31
1595.jpg,31
1596.jpg,31
1597.jpg,31
1598.jpg,31
1599.jpg,31
1600.jpg,32
1601.jpg,32
1602.jpg,32
1603.jpg,32
1604.jpg,32
1605.jpg,32
1606.jpg,32
1607.jpg,32
1608.jpg,32
1609.jpg,32
1610.jpg,32
1611.jpg,32
1612.jpg,32
1613.jpg,32
1614.jpg,32
1615.jpg,32
1616.jpg,32
1617.jpg,32
1618.jpg,32
1619.jpg,32
1620.jpg,32
1621.jpg,32
1622.jpg,32
1623.jpg,32
1624.jpg,32
1625.jpg,32
1626.jpg,32
1627.jpg,32
1628.jpg,32
1629.jpg,32
1630.jpg,32
1631.jpg,32
1632.jpg,32
1633.jpg,32
1634.jpg,32
1635.jpg,32
1636.jpg,32
1637.jpg,32
1638.jpg,32
1639.jpg,32
1640.jpg,32
1641.jpg,32
1642.jpg,32
1643.jpg,32
1644.jpg,32
1645.jpg,32
1646.jpg,32
1647.jpg,32
1648.jpg,32
1649.jpg,32
1650.jpg,33
1651.jpg,33
1652.jpg,33
1653.jpg,33
1654.jpg,33
1655.jpg,33
1656.jpg,33
1657.jpg,33
1658.jpg,33
1659.jpg,33
1660.jpg,33
1661.jpg,33
1662.jpg,33
1663.jpg,33
1664.jpg,33
1665.jpg,33
1666.jpg,33
1667.jpg,33
1668.jpg,33
1669.jpg,33
1670.jpg,33
1671.jpg,33
1672.jpg,33
1673.jpg,33
1674.jpg,33
1675.jpg,33
1676.jpg,33
1677.jpg,33
1678.jpg,33
1679.jpg,33
1680.jpg,33
1681.jpg,33
1682.jpg,33
1683.jpg,33
1684.jpg,33
1685.jpg,33
1686.jpg,33
1687.jpg,33
1688.jpg,33
1689.jpg,33
1690.jpg,33
1691.jpg,33
1692.jpg,33
1693.jpg,33
1694.jpg,33
1695.jpg,33
1696.jpg,33
1697.jpg,33
1698.jpg,33
1699.jpg,33
1700.jpg,34
1701.jpg,34
1702.jpg,34
1703.jpg,34
1704.jpg,34
1705.jpg,34
1706.jpg,34
1707.jpg,34
1708.jpg,34
1709.jpg,34
1710.jpg,34
1711.jpg,34
1712.jpg,34
1713.jpg,34
1714.jpg,34
1715.jpg,34
1716.jpg,34
1717.jpg,34
1718.jpg,34
1719.jpg,34
1720.jpg,34
1721.jpg,34
1722.jpg,34
1723.jpg,34
1724.jpg,34
1725.jpg,34
1726.jpg,34
1727.jpg,34
1728.jpg,34
1729.jpg,34
1730.jpg,34
1731.jpg,34
1732.jpg,34
1733.jpg,34
1734.jpg,34
1735.jpg,34
1736.jpg,34
1737.jpg,34
1738.jpg,34
1739.jpg,34
1740.jpg,34
1741.jpg,34
1742.jpg,34
1743.jpg,34
1744.jpg,34
1745.jpg,34
1746.jpg,34
1747.jpg,34
1748.jpg,34
1749.jpg,34
1750.jpg,35
1751.jpg,35
1752.jpg,35
1753.jpg,35
1754.jpg,35
1755.jpg,35
1756.jpg,35
1757.jpg,35
1758.jpg,35
1759.jpg,35
1760.jpg,35
1761.jpg,35
1762.jpg,35
1763.jpg,35
1764.jpg,35
1765.jpg,35
1766.jpg,35
1767.jpg,35
1768.jpg,35
1769.jpg,35
1770.jpg,35
1771.jpg,35
1772.jpg,35
1773.jpg,35
1774.jpg,35
1775.jpg,35
1776.jpg,35
1777.jpg,35
1778.jpg,35
1779.jpg,35
1780.jpg,35
1781.jpg,35
1782.jpg,35
1783.jpg,35
1784.jpg,35
1785.jpg,35
1786.jpg,35
1787.jpg,35
1788.jpg,35
1789.jpg,35
1790.jpg,35
1791.jpg,35
1792.jpg,35
1793.jpg,35
1794.jpg,35
1795.jpg,35
1796.jpg,35
1797.jpg,35
1798.jpg,35
1799.jpg,35
1800.jpg,36
1801.jpg,36
1802.jpg,36
1803.jpg,36
1804.jpg,36
1805.jpg,36
1806.jpg,36
1807.jpg,36
1808.jpg,36
1809.jpg,36
1810.jpg,36
1811.jpg,36
1812.jpg,36
1813.jpg,36
1814.jpg,36
1815.jpg,36
1816.jpg,36
1817.jpg,36
1818.jpg,36
1819.jpg,36
1820.jpg,36
1821.jpg,36
1822.jpg,36
1823.jpg,36
1824.jpg,36
1825.jpg,36
1826.jpg,36
1827.jpg,36
1828.jpg,36
1829.jpg,36
1830.jpg,36
1831.jpg,36
1832.jpg,36
1833.jpg,36
1834.jpg,36
1835.jpg,36
1836.jpg,36
1837.jpg,36
1838.jpg,36
1839.jpg,36
1840.jpg,36
1841.jpg,36
1842.jpg,36
1843.jpg,36
1844.jpg,36
1845.jpg,36
1846.jpg,36
1847.jpg,36
1848.jpg,36
1849.jpg,36
1850.jpg,37
1851.jpg,37
1852.jpg,37
1853.jpg,37
1854.jpg,37
1855.jpg,37
1856.jpg,37
1857.jpg,37
1858.jpg,37
1859.jpg,37
1860.jpg,37
1861.jpg,37
1862.jpg,37
1863.jpg,37
1864.jpg,37
1865.jpg,37
1866.jpg,37
1867.jpg,37
1868.jpg,37
1869.jpg,37
1870.jpg,37
1871.jpg,37
1872.jpg,37
1873.jpg,37
1874.jpg,37
1875.jpg,37
1876.jpg,37
1877.jpg,37
1878.jpg,37
1879.jpg,37
1880.jpg,37
1881.jpg,37
1882.jpg,37
1883.jpg,37
1884.jpg,37
1885.jpg,37
1886.jpg,37
1887.jpg,37
1888.jpg,37
1889.jpg,37
1890.jpg,37
1891.jpg,37
1892.jpg,37
1893.jpg,37
1894.jpg,37
1895.jpg,37
1896.jpg,37
1897.jpg,37
1898.jpg,37
1899.jpg,37
1900.jpg,38
1901.jpg,38
1902.jpg,38
1903.jpg,38
1904.jpg,38
1905.jpg,38
1906.jpg,38
1907.jpg,38
1908.jpg,38
1909.jpg,38
1910.jpg,38
1911.jpg,38
1912.jpg,38
1913.jpg,38
1914.jpg,38
1915.jpg,38
1916.jpg,38
1917.jpg,38
1918.jpg,38
1919.jpg,38
1920.jpg,38
1921.jpg,38
1922.jpg,38
1923.jpg,38
1924.jpg,38
1925.jpg,38
1926.jpg,38
1927.jpg,38
1928.jpg,38
1929.jpg,38
1930.jpg,38
1931.jpg,38
1932.jpg,38
1933.jpg,38
1934.jpg,38
1935.jpg,38
1936.jpg,38
1937.jpg,38
1938.jpg,38
1939.jpg,38
1940.jpg,38
1941.jpg,38
1942.jpg,38
1943.jpg,38
1944.jpg,38
1945.jpg,38
1946.jpg,38
1947.jpg,38
1948.jpg,38
1949.jpg,38
1950.jpg,39
1951.jpg,39
1952.jpg,39
1953.jpg,39
1954.jpg,39
1955.jpg,39
1956.jpg,39
1957.jpg,39
1958.jpg,39
1959.jpg,39
1960.jpg,39
1961.jpg,39
1962.jpg,39
1963.jpg,39
1964.jpg,39
1965.jpg,39
1966.jpg,39
1967.jpg,39
1968.jpg,39
1969.jpg,39
1970.jpg,39
1971.jpg,39
1972.jpg,39
1973.jpg,39
1974.jpg,39
1975.jpg,39
1976.jpg,39
1977.jpg,39
1978.jpg,39
1979.jpg,39
1980.jpg,39
1981.jpg,39
1982.jpg,39
1983.jpg,39
1984.jpg,39
1985.jpg,39
1986.jpg,39
1987.jpg,39
1988.jpg,39
1989.jpg,39
1990.jpg,39
1991.jpg,39
1992.jpg,39
1993.jpg,39
1994.jpg,39
1995.jpg,39
1996.jpg,39
1997.jpg,39
1998.jpg,39
1999.jpg,39
2000.jpg,40
2001.jpg,40
2002.jpg,40
2003.jpg,40
2004.jpg,40
2005.jpg,40
2006.jpg,40
2007.jpg,40
2008.jpg,40
2009.jpg,40
2010.jpg,40
2011.jpg,40
2012.jpg,40
2013.jpg,40
2014.jpg,40
2015.jpg,40
2016.jpg,40
2017.jpg,40
2018.jpg,40
2019.jpg,40
2020.jpg,40
2021.jpg,40
2022.jpg,40
2023.jpg,40
2024.jpg,40
2025.jpg,40
2026.jpg,40
2027.jpg,40
2028.jpg,40
2029.jpg,40
2030.jpg,40
2031.jpg,40
2032.jpg,40
2033.jpg,40
2034.jpg,40
2035.jpg,40
2036.jpg,40
2037.jpg,40
2038.jpg,40
2039.jpg,40
2040.jpg,40
2041.jpg,40
2042.jpg,40
2043.jpg,40
2044.jpg,40
2045.jpg,40
2046.jpg,40
2047.jpg,40
2048.jpg,40
2049.jpg,40
2050.jpg,41
2051.jpg,41
2052.jpg,41
2053.jpg,41
2054.jpg,41
2055.jpg,41
2056.jpg,41
2057.jpg,41
2058.jpg,41
2059.jpg,41
2060.jpg,41
2061.jpg,41
2062.jpg,41
2063.jpg,41
2064.jpg,41
2065.jpg,41
2066.jpg,41
2067.jpg,41
2068.jpg,41
2069.jpg,41
2070.jpg,41
2071.jpg,41
2072.jpg,41
2073.jpg,41
2074.jpg,41
2075.jpg,41
2076.jpg,41
2077.jpg,41
2078.jpg,41
2079.jpg,41
2080.jpg,41
2081.jpg,41
2082.jpg,41
2083.jpg,41
2084.jpg,41
2085.jpg,41
2086.jpg,41
2087.jpg,41
2088.jpg,41
2089.jpg,41
2090.jpg,41
2091.jpg,41
2092.jpg,41
2093.jpg,41
2094.jpg,41
2095.jpg,41
2096.jpg,41
2097.jpg,41
2098.jpg,41
2099.jpg,41
2100.jpg,42
2101.jpg,42
2102.jpg,42
2103.jpg,42
2104.jpg,42
2105.jpg,42
2106.jpg,42
2107.jpg,42
2108.jpg,42
2109.jpg,42
2110.jpg,42
2111.jpg,42
2112.jpg,42
2113.jpg,42
2114.jpg,42
2115.jpg,42
2116.jpg,42
2117.jpg,42
2118.jpg,42
2119.jpg,42
2120.jpg,42
2121.jpg,42
2122.jpg,42
2123.jpg,42
2124.jpg,42
2125.jpg,42
2126.jpg,42
2127.jpg,42
2128.jpg,42
2129.jpg,42
2130.jpg,42
2131.jpg,42
2132.jpg,42
2133.jpg,42
2134.jpg,42
2135.jpg,42
2136.jpg,42
2137.jpg,42
2138.jpg,42
2139.jpg,42
2140.jpg,42
2141.jpg,42
2142.jpg,42
2143.jpg,42
2144.jpg,42
2145.jpg,42
2146.jpg,42
2147.jpg,42
2148.jpg,42
2149.jpg,42
2150.jpg,43
2151.jpg,43
2152.jpg,43
2153.jpg,43
2154.jpg,43
2155.jpg,43
2156.jpg,43
2157.jpg,43
2158.jpg,43
2159.jpg,43
2160.jpg,43
2161.jpg,43
2162.jpg,43
2163.jpg,43
2164.jpg,43
2165.jpg,43
2166.jpg,43
2167.jpg,43
2168.jpg,43
2169.jpg,43
2170.jpg,43
2171.jpg,43
2172.jpg,43
2173.jpg,43
2174.jpg,43
2175.jpg,43
2176.jpg,43
2177.jpg,43
2178.jpg,43
2179.jpg,43
2180.jpg,43
2181.jpg,43
2182.jpg,43
2183.jpg,43
2184.jpg,43
2185.jpg,43
2186.jpg,43
2187.jpg,43
2188.jpg,43
2189.jpg,43
2190.jpg,43
2191.jpg,43
2192.jpg,43
2193.jpg,43
2194.jpg,43
2195.jpg,43
2196.jpg,43
2197.jpg,43
2198.jpg,43
2199.jpg,43
2200.jpg,44
2201.jpg,44
2202.jpg,44
2203.jpg,44
2204.jpg,44
2205.jpg,44
2206.jpg,44
2207.jpg,44
2208.jpg,44
2209.jpg,44
2210.jpg,44
2211.jpg,44
2212.jpg,44
2213.jpg,44
2214.jpg,44
2215.jpg,44
2216.jpg,44
2217.jpg,44
2218.jpg,44
2219.jpg,44
2220.jpg,44
2221.jpg,44
2222.jpg,44
2223.jpg,44
2224.jpg,44
2225.jpg,44
2226.jpg,44
2227.jpg,44
2228.jpg,44
2229.jpg,44
2230.jpg,44
2231.jpg,44
2232.jpg,44
2233.jpg,44
2234.jpg,44
2235.jpg,44
2236.jpg,44
2237.jpg,44
2238.jpg,44
2239.jpg,44
2240.jpg,44
2241.jpg,44
2242.jpg,44
2243.jpg,44
2244.jpg,44
2245.jpg,44
2246.jpg,44
2247.jpg,44
2248.jpg,44
2249.jpg,44
2250.jpg,45
2251.jpg,45
2252.jpg,45
2253.jpg,45
2254.jpg,45
2255.jpg,45
2256.jpg,45
2257.jpg,45
2258.jpg,45
2259.jpg,45
2260.jpg,45
2261.jpg,45
2262.jpg,45
2263.jpg,45
2264.jpg,45
2265.jpg,45
2266.jpg,45
2267.jpg,45
2268.jpg,45
2269.jpg,45
2270.jpg,45
2271.jpg,45
2272.jpg,45
2273.jpg,45
2274.jpg,45
2275.jpg,45
2276.jpg,45
2277.jpg,45
2278.jpg,45
2279.jpg,45
2280.jpg,45
2281.jpg,45
2282.jpg,45
2283.jpg,45
2284.jpg,45
2285.jpg,45
2286.jpg,45
2287.jpg,45
2288.jpg,45
2289.jpg,45
2290.jpg,45
2291.jpg,45
2292.jpg,45
2293.jpg,45
2294.jpg,45
2295.jpg,45
2296.jpg,45
2297.jpg,45
2298.jpg,45
2299.jpg,45
2300.jpg,46
2301.jpg,46
2302.jpg,46
2303.jpg,46
2304.jpg,46
2305.jpg,46
2306.jpg,46
2307.jpg,46
2308.jpg,46
2309.jpg,46
2310.jpg,46
2311.jpg,46
2312.jpg,46
2313.jpg,46
2314.jpg,46
2315.jpg,46
2316.jpg,46
2317.jpg,46
2318.jpg,46
2319.jpg,46
2320.jpg,46
2321.jpg,46
2322.jpg,46
2323.jpg,46
2324.jpg,46
2325.jpg,46
2326.jpg,46
2327.jpg,46
2328.jpg,46
2329.jpg,46
2330.jpg,46
2331.jpg,46
2332.jpg,46
2333.jpg,46
2334.jpg,46
2335.jpg,46
2336.jpg,46
2337.jpg,46
2338.jpg,46
2339.jpg,46
2340.jpg,46
2341.jpg,46
2342.jpg,46
2343.jpg,46
2344.jpg,46
2345.jpg,46
2346.jpg,46
2347.jpg,46
2348.jpg,46
2349.jpg,46
2350.jpg,47
2351.jpg,47
2352.jpg,47
2353.jpg,47
2354.jpg,47
2355.jpg,47
2356.jpg,47
2357.jpg,47
2358.jpg,47
2359.jpg,47
2360.jpg,47
2361.jpg,47
2362.jpg,47
2363.jpg,47
2364.jpg,47
2365.jpg,47
2366.jpg,47
2367.jpg,47
2368.jpg,47
2369.jpg,47
2370.jpg,47
2371.jpg,47
2372.jpg,47
2373.jpg,47
2374.jpg,47
2375.jpg,47
2376.jpg,47
2377.jpg,47
2378.jpg,47
2379.jpg,47
2380.jpg,47
2381.jpg,47
2382.jpg,47
2383.jpg,47
2384.jpg,47
2385.jpg,47
2386.jpg,47
2387.jpg,47
2388.jpg,47
2389.jpg,47
2390.jpg,47
2391.jpg,47
2392.jpg,47
2393.jpg,47
2394.jpg,47
2395.jpg,47
2396.jpg,47
2397.jpg,47
2398.jpg,47
2399.jpg,47
2400.jpg,48
2401.jpg,48
2402.jpg,48
2403.jpg,48
2404.jpg,48
2405.jpg,48
2406.jpg,48
2407.jpg,48
2408.jpg,48
2409.jpg,48
2410.jpg,48
2411.jpg,48
2412.jpg,48
2413.jpg,48
2414.jpg,48
2415.jpg,48
2416.jpg,48
2417.jpg,48
2418.jpg,48
2419.jpg,48
2420.jpg,48
2421.jpg,48
2422.jpg,48
2423.jpg,48
2424.jpg,48
2425.jpg,48
2426.jpg,48
2427.jpg,48
2428.jpg,48
2429.jpg,48
2430.jpg,48
2431.jpg,48
2432.jpg,48
2433.jpg,48
2434.jpg,48
2435.jpg,48
2436.jpg,48
2437.jpg,48
2438.jpg,48
2439.jpg,48
2440.jpg,48
2441.jpg,48
2442.jpg,48
2443.jpg,48
2444.jpg,48
2445.jpg,48
2446.jpg,48
2447.jpg,48
2448.jpg,48
2449.jpg,48
2450.jpg,49
2451.jpg,49
2452.jpg,49
2453.jpg,49
2454.jpg,49
2455.jpg,49
2456.jpg,49
2457.jpg,49
2458.jpg,49
2459.jpg,49
2460.jpg,49
2461.jpg,49
2462.jpg,49
2463.jpg,49
2464.jpg,49
2465.jpg,49
2466.jpg,49
2467.jpg,49
2468.jpg,49
2469.jpg,49
2470.jpg,49
2471.jpg,49
2472.jpg,49
2473.jpg,49
2474.jpg,49
2475.jpg,49
2476.jpg,49
2477.jpg,49
2478.jpg,49
2479.jpg,49
2480.jpg,49
2481.jpg,49
2482.jpg,49
2483.jpg,49
2484.jpg,49
2485.jpg,49
2486.jpg,49
2487.jpg,49
2488.jpg,49
2489.jpg,49
2490.jpg,49
2491.jpg,49
2492.jpg,49
2493.jpg,49
2494.jpg,49
2495.jpg,49
2496.jpg,49
2497.jpg,49
2498.jpg,49
2499.jpg,49
